source_text,pivot_text_en,backtranslated_text,accepted
sepi,lonely,Kesepian,False
rasa sudah berkurang engga ky dulu,I don't think it's going to work.,Saya tidak berpikir itu akan bekerja.,False
no issue soal mie ayamnya lezat sekilas langsung ngingetin mie ayam tumini di jogja walaupun karakter rasa agak beda tapi yang ngawur kang parkirnya natain motor2 pelanggan sampel nempel pel sama motor2 yang lain alesannya biar muat banyak,No issue. The chicken noodles are delicious. Just a quick look.,Tidak masalah. mie ayam lezat.,False
pelayanan lama sekali terkesan pesanan dilupakan bulan puasa sudah datang sebelum jam 16 45 makanan baru tersaji sekitar 18 30 itupun setelah kami komplikasi anak2 sudah keburu lapar,The service was impressed long ago. The order was forgotten. The fast month arrived before 1645.,"Layanan itu terkesan sejak lama, perintah itu dilupakan, bulan cepat tiba sebelum 1645.",False
mayan gede sayang pas dateng tidak ada bakso lava jumbo,"fontcolor="" # FFFF00""Mayanbigde fontcolorcolor= # .""","Mayanbigde.""",False
kok bisa ya jualan mie ayam kaya gini? 1 mie rasa rendang 2 minyak terlalu banyak 3 bumbu cuma dari kuah rendang tidak ada bumbu dasar 4 mie terlalu besar ini cocoknya untuk ramen 5 pangsit hambar cuma rasa tepung 6 tempat duduk tidak nyaman bolong bolong 7 meja terlalu tinggi tidak habis pikir,Why can't you sell chicken noodles like this? 2 oil flavored noodles 2 too much,Mengapa kau tidak bisa menjual mie ayam seperti ini? 2 minyak rasa mie 2 terlalu banyak,False
kayanya kemahalan mienya juga kering ayamnya juga sedikit,The noodles are dried up a little bit too,Mienya sedikit kering.,False
tempat nya kurang bersih banyak debu,The place is less clean. A lot of dust.,"Tempat ini kurang bersih, banyak debu.",False
botol saosnya mampet tumpah semua kebersihan kurang,The sauce bottle is covered all the less hygiene.,Botol sausnya kurang higiene.,False
ujan2 enaknya ya nget anget,It's so good to remember.,Ini sangat baik untuk diingat.,False
rasa biasa nunggu masakan agak lama harga untuk kalangan biasa berat,It's common sense to wait for the cooking a bit longer The price for the common people is heavy,Ini masuk akal untuk menunggu untuk memasak sedikit lebih lama Harga untuk rakyat biasa adalah berat,False
agak manis,Kind of cute.,Agak lucu.,False
maksnyuss mie ayamnya,I mean the chicken noodles.,Maksudku mie ayam.,False
lama ndak bertemu mbk kasir,Haven't seen a cashier in a while.,Sudah lama tidak melihat kasir.,False
lezat tapi kurang gurih aja kuahnya,"It's delicious, but it's not good enough.","Ini lezat, tapi tidak cukup baik.",False
masakan mie nya lezat tapi sayang pelayanan nya mengecewekan sudah masuk duduk tapi pegawainya tidak ada satu pun yang menanyakan sesuatu hal dari 3 karyawan semua sibuk main hp teramat sangat mengecewakan,The noodle cooks are delicious but unfortunately the service is in. The girls are sitting down. But none of the employees are asking questions from three employees.,koki mie lezat tapi sayangnya layanan masuk gadis-gadis sedang duduk tapi tidak ada karyawan yang mengajukan pertanyaan dari tiga karyawan.,False
tekane ora pas dadi ora nemu simg special,presse ora pas dadi ora nemu simg special,presse ora pas dadi ora nemu simp special,False
sudah berpa kali makan disitu selalu kurang lezat rasanya,It's not good enough to eat there.,Tidak cukup baik untuk makan di sana.,False
sebenarnya lebih nyaman di tempat yang lama,Actually more comfortable in the old place.,Sebenarnya lebih nyaman di tempat lama.,False
pas kesitu rame tapi cpt pelayannya tipikal mie ayam yang tidak trlalu manis,Right there lame but cpt waiter typical chicken noodles that aren't too sweet,Tepat di sana lumpuh tapi cpt pelayan mie ayam khas yang tidak terlalu manis,False
gatau,gor,gor,False
siki bukak ora mas?,"Is that right, sir?","Apakah itu benar, Pak?",False
katanya terenak tapi rasa biasa aj porsi standar dan minusnya harga sedikit lebih mahal dari yang lain plus ada tukang parkirnya,"He said it's best, but the usual taste is standard and minus is a little more expensive than the rest. Plus there's a meter maid.","Dia bilang itu yang terbaik, tapi yang biasa adalah standar dan minus sedikit lebih mahal dari yang lain.",False
mantulita,Mantulita,Mantulita,False
enyak,Enyak,Enyak,False
lah rasanya biasa sih dikit juga porsi nya wkwkwk harga per tanggal ini 12k,That's what it's like to have a little bit of it. The price per date is 12k.,Seperti itulah rasanya memiliki sedikit harga per tanggal adalah 12k.,False
ternyata bukan seleraku mie nya kecil2 kriting kek mie instan daging ayamnya dikit banget pelayananya lama karena kebetulan pas gasnya kenapa dah tidak tau rasanya b aja tempatnya gelap sdkt kumuh harganya 15rb sdkt mahal dari mie ayam biasanya yang kebanyakan masih 12rb sekian,It's not my taste. The noodles are small. The instant noodles are so much better.,"Ini bukan seleraku, mie kecil, mie instannya jauh lebih enak.",False
bumbu kurang terasa,The seasoning is lacking.,Bumbunya kurang.,False
ada tukang parkirnya tidak sepadan it lah,It's not worth the parking lot.,Ini tidak layak tempat parkir.,False
beli mie ayam dibungkus koh kuahnya tidak ada rasanya sedikit keasinan harganya terlalu mahal 17k mie ayam biasa dengan rasa yang asin,Buy chicken noodles wrapped in gravy No taste of a little acidity is too expensive 17k chicken noodles with a salty flavor,Beli mie ayam dibungkus saus Tidak ada rasa asam sedikit terlalu mahal 17k mie ayam dengan rasa asin,False
mieny kecil2 porsinya banyak rendangnya berasa ada daging sapinya juga walaupun sedikit minus tempatnya aja kurang luas,"Small noodles. It has a lot of laces. It's got beef, too.","Mie kecil, ada banyak tali, ada daging sapi juga.",False
karyawannya tidak bgt! ownernya baik pol,The owner is good pol,Pemiliknya adalah polisi yang baik.,False
tolong itu kang parkirnya bayar 2rb tidak mundurin sama nyebrangin mana lngsung ditinggal pergi lezat banget cuma minta uang,Please. It's the parking lot. 2rb won't back off.,"Ini tempat parkir, 2rb tak mau mundur.",False
baksone asin ora rekomendasi,Salted meatballs or recommendations,Bakso asin atau rekomendasi,False
delicious,Delicious,Lezat,False
lezat tapi agag sedikit ribet bukannya ada pelayanan yang nyamperin tapi kita mesti nulis sendiri,"It's delicious, but it's a little complicated. No, there's no service to it, but we have to write it ourselves.","Ini lezat, tapi sedikit rumit./ Tidak, tak ada layanan untuk itu, tapi kita harus menulisnya sendiri.",False
lezat tapi sawinya pait ya,"It's delicious, but the palm piet is.","Ini lezat, tapi piet telapak adalah.",False
pelayananya ambruk parah,His ministry collapsed badly.,Pelayanannya runtuh parah.,False
saya beli mie ayam1 bakso 1 es teh 1 teh hangat hambar 1 masa jadi 47 000 waktu itu juga beli di bungkus mie ayam 2 bakso 1 masa tidak di beri kuah mie ayam lain kali lebih teliti lagi dalam menghitung pesanan dan jumlahnya kan saya jadi rugi,I bought chicken noodles. One iced tea. One hot tea.,"Aku membeli mie ayam, satu es teh, satu teh panas.",False
mie nya terlalu lembek sambel nya bikin nagih,The noodles are too soft. The sambel's making a lot of noise.,"Mie terlalu lembut, Sambel membuat banyak suara.",False
pelayanan buruk kami dibuat menunggu untuk 2 gelas es teh hingga kami pulang tetap tidak dibuatkan es teh tersebut garingan mas ujar e ula bar mangan ora nginum!!,Our poor ministry waited for two cups of iced tea until we returned home and still did not make the iced tea.,Pelayanan kami yang miskin menunggu dua cangkir es teh sampai kami kembali ke rumah dan masih tidak membuat es teh.,False
harusnya di jelasin dari awal kalau mienya tuh pedas mesen 5 orangnya ber5 apa tidak liat ada anak kecil pas mie nya dateng cma bilang agak pedas agak pedas di org dewasa untuk anak 2 tahun apa tidak nangis dy cma bilang maaf tidak ngaruh kata maaf doang alhasil tidak kemakan itu mie walau sudah di rendem air aqua harusnya bisa lebih aware lagi ke custemer yang baru pertama kali cba apalagi yang bawa anak bukan perkara mie ori 13k gampang bisa mesen lagi tapi komunikasinya yang nol,It should be explained from the beginning that the noodles are spicy. Mesen 5 people.,Ini harus dijelaskan dari awal bahwa mie pedas.,False
mohon kalau sudah ada yang bayar dicatat jangan menuduh orang yang sudah bayar bilang belum bayar sudah ada bukti malah chat tidak mengenakan,"Please, when you have paid the bill, please don't accuse the person who paid for it. Tell me you didn't pay. There's evidence that the chat isn't wearing.","tolong, ketika kamu sudah membayar tagihan, tolong jangan menuduh orang yang membayar untuk itu katakan padaku kamu tidak membayar ada bukti bahwa percakapan tidak memakai",False
tidak tahu,No idea.,Tidak tahu.,False
saya masih bingung sudah beberapa kali beli mie ayam pangsit di bawa pulang tapi di dalam mie nya tidak da daging ayam nya,I'm still confused. I've bought chicken dumpling noodles a few times. Brought them home.,"Aku masih bingung, aku sudah membeli mie ayam beberapa kali, membawanya pulang.",False
nyemek,Meek.,Meek.,False
tempat kurang luas sehingga saat jam makan siang terlalu penuh dan gerah,The place wasn't wide enough so at lunch time it was too full and hot,Tempat itu tidak cukup lebar sehingga pada waktu makan siang itu terlalu penuh dan panas,False
lezat tapi baksonya kurang greget tempat duduk nyaman dan kelengkapan seperti tisu sambal kecap lengkap,"It's delicious, but the meatballs don't have enough grease. The seats are nice and they're full of soy sauce wipes.","Ini lezat, tapi bakso tidak memiliki cukup minyak. kursi yang bagus dan mereka penuh tisu kecap.",False
kebersihan ny kurang,Mrs. San's hygiene is lacking.,Kebersihan Nyonya San kurang.,False
pelayannya kurang sat set beresin mejanya padahal sepi jam malam bersihin mejanya tidak rata ambilin tisu sama sumpit bekas ora masih di sisain ditinggal aja tidak sampe bersih masih ada tulang juga,Waitress didn't clear the table when it was quiet. The night shift cleared the table. Don't even take tissues with chopsticks.,Pelayan tidak membersihkan meja ketika itu tenang shift malam membersihkan meja bahkan tidak mengambil tisu dengan sumpit,False
awalnya mau ke mie ayam kamandaka disini ulasan banyak trrnyata salah lokasi harusnya ke mie ayam sebelahnya rasa standar harga 10 000,"fontcolor="" # FFFF00""firsttime goingto chicken noodle kamandaka fontcolor"" #color=="" FFFF=""herereviewsof a lot oftrulywrongthe locationshouldbeto the chicken noodle next to the standard price of 10 000",pertama kali pergi ke ayam mie kam danaka inilah gambaran dari banyak kesalahan yang sering terjadi lokasi yang seharusnya ada pada mie ayam di sebelah harga standar 10.000,False
cukup sekali lah kesini kapok benar dari awal pesen tidak ada penjelasan bahwa mienya itu pake toping ayam kuah rendang pedas yang mana tidak kids friendly banget sedangkan kesitu bawa anak kecil yang belum bisa makan pedas stelah pesanan dateng kaget dong dateng ke bagian depan bilang mau pesen 1 lagi tapi minta tolong toping ayam nya dipisah aja karena anak belum bisa makan pedas mereka jawab apa nggabisa kak harus ada topingnya nggabisa dipisah pesan harus selalu ada toppingnya karena akan beda kalau tidak ada toping nya tidak diperbolehkan sama management kalau dipisah bgitu karena akan mengubah rasa helow saya sudah bilang ini anak saya gabisa makan pedas trus suruh dipaksa gtu wahh baru pernah nemu tmpat makan bgini sakleknya perasaan kalau makn mie ayam dimanapun request tidak pake sayur tidak pake kuah cm pesan mie nya aja tanpa bumbu juga bisa banget tu kalu benar dari managementnya yang ada kasih peraturan gtu aneh banget si,That's enough. Come here. Right from the beginning.,"Sudah cukup, kemarilah dari awal.",False
rasanya c lezat cm entah pas tidak kebeneran kemarin makan bertiga dengan anak setelah itu kita kaya diare bab sampe 4 5x padahal anak saya tidak pake sambel tolong diperhatikan lagi mgkn alat makanya yang kurang bersih nyucinya karena tidak dikasih no telpon jd komplainya disini,It's delicious. I don't know. It wasn't true yesterday.,"Ini lezat, aku tidak tahu, itu tidak benar kemarin.",False
legend si tapi kurang nendang,legend si but not enough to kick,"Legenda, tetapi tidak cukup untuk menendang.",False
mie ayam super lezat di purwokerto cuma di hari raya idul fitri ini pelayanan sangat buruk sudah nunggu lama tidak dikasih2 eh yang baru datang dikasih duluan berhubung sudah 1jam tidak dikasih yaudh terpaksa bayar minumnya aja,Super delicious chicken noodles in purwokerto only on holiday. This idul fitri service is bad. Wait a long time.,Super lezat mie ayam di purwokerto hanya pada hari libur. layanan fitri ini buruk.,False
untuk rasa lumayan lezat tapi uhtuk harga terlalu mahal dibanding mie ayam disekitarnya,"It's quite delicious, but it's too expensive for chicken noodles around it.","Ini cukup lezat, tapi terlalu mahal untuk mie ayam di sekitarnya.",False
sayang banget mie ayam lezat jadi rusak gara gara liat masnya sudah buruk tidak sopan lagi ngelayaninnya nada bicaranya malesin banget sumpah kalau gakuat kerja gausah kerja lah,It's too bad the chicken noodles are delicious so it's ruined because of the bad taste,Ini terlalu buruk mie ayam lezat jadi itu hancur karena rasa buruk,False
hari ini saya ke mie ayam ini tapi saya dilewati sampe 2 kali pembuatan dan saya ahirnya tidak jd makan mie disini karena tidak dikasih2 6 pengunjung sesudah saya malah sudah dilayani tidak akah pernah tau karena tidak akan pernah ke sini lagi kapok,Today I went to this chicken noodle but I went through it twice and I ended up eating noodles here because I didn't have six visitors after I had been served I never knew I'd never come back,Hari ini saya pergi ke mie ayam ini tapi aku pergi melalui dua kali dan akhirnya aku makan mie di sini karena saya tidak memiliki enam pengunjung setelah saya telah dilayani Aku tidak pernah tahu aku tidak akan pernah kembali,False
pr untuk manajemennya nih pelayan nya sangat tidak customer oriented tidak ramah thd pelanggan susah majunya kalau sdm yang melayani berhadapan langsung dengan pelanggan mutunya spt ini,"fontcolor="" # FFFF00""pr for management fontcolor00"" # 0000""the waitersareveryunusabled fontcolor ="" # color = ""# FFFF000""",maaf untuk manajemen 00.000 pelayan yang tak bisa dipakai,False
mie ayam legend di purwokerto sejak saya smp lebih dari 20tahun lalu tempatnya berpindah pindah tetapi pelanggan selalu mengikuti karena terkenal kelezatannya sayang tempatnya masih kurang nyaman,Chicken legend noodles in purwokerto since I smp more than 20 years ago the place moved but the customer always follows because it's famously delicious,Mie ayam legenda di purwokerto sejak 20 tahun yang lalu tempat itu bergerak tapi pelanggan selalu mengikuti karena sangat lezat,False
terlalu lama penyajian makanannya,Too long to serve food.,Terlalu lama untuk melayani makanan.,False
kurang akeh,I do not know.,Aku tidak tahu.,False
pelayanan lama kalau yang datang customer laki pake motor makanannya dateng lama sedangkan kalau customer perempuan atau keluarga yang naik mobil lngsung dilayani dengan cepat,Old service when the customer on the man's bike comes home long while the female or family customer in the car is served quickly,Layanan lama ketika pelanggan di sepeda pria itu pulang lama-lama sementara pelanggan wanita atau keluarga di dalam mobil disajikan dengan cepat,False
sbnrny enk cumn kmren ps beli d bungkus juga tidak lngsung d mkn jdi melar,I don't think you should buy it.,Saya tidak berpikir Anda harus membelinya.,False
madyang disit lurrr,Mad that's fucked up.,Gila itu kacau.,False
sering libur jualan mood2an terakhir makan ambyar karena lagi laris minya lembek rasa juga kurang,It's often the last time we've had an ambyar because the noodles are so soft they don't feel good.,Ini sering kali terakhir kali kita memiliki ambyar karena mie begitu lembut mereka tidak merasa baik.,False
makanan good tapi pelayanan kurang apalagi untuk orderan food kurang teliti pesan apa yang datang apa selalu aja ada yang kurang kalau kurang sambal g masalah tapi kalau sll aja makanan yang dipesan kurang kan jd ilfil juga tolong untuk penjual nya lebih teliti lagi,"Food's good, but the service's not enough for food orders. Not sure what's coming. Anything less if it's less hot.","Makanan yang baik, tapi layanan tidak cukup untuk makanan tidak yakin apa yang akan datang.",False
tempat kurang luas,less space,sedikit ruang,False
mie ayamnya lezat tapi ada kandang burung yang digantung dekat meja bikin tidak lezat makan,Chicken noodles are delicious but there's a birdhouse hanging near the table making it not delicious to eat,Mie ayam yang lezat tapi ada rumah burung tergantung di dekat meja membuat tidak lezat untuk makan,False
lelet parah pekerja malas,Severe slow lazy workers,Pekerja malas yang lambat parah,False
rasa kurang harga agak mahal tidak sebanding dengan rasanya kecewa sih,The lack of price is not worth being disappointed about.,Kurangnya harga tidak layak untuk dikecewakan.,False
dari sisi negatifnnya dulu pelayanannya lumayan nunggu apalagi panas2 susananya karena gubuk kalau mau makan ditempat saya rasa tidak bakal nyaman sih porsinya rasanya dikit ibuku yang biasanya makan mie ayam di jeda dulu ini bisa langsung habis atau mungkin karena mienya kecil jadi keliaan dikit tidak tau juga sih dan semua kekurangan diatas bisa tidak kompromi karena kelebihannya ini di kuahnya atau mungkin minyaknya yang rasanya mirip sama minyak indomie,On the negative side. The service was good. Waited a while.,"Sisi negatifnya, layanannya bagus, menunggu beberapa saat.",False
beli bakso mercon kuah mercon kaget dengan rasa pedas yang membara di lidah saat perut belom makan nasi makanan lezat tempat agak berisik dengan suara pelayan nya,Buy meat mercons. Mercon kuah. Shocked by the hotness of the tongue when the stomach hasn't eaten yet.,"Beli daging mercons, Mercon Kuah, Dikejutkan oleh panas lidah ketika perut belum makan.",False
tadi mesen mau setengah jam tidak dianter2 gatau lupa atau apa pdhl bnyk karyawannya yang datengin org2 baru juga sudah pesen tapi tidak dianter2 sebel banget cb evaluasi karyawan untuk nanya org yang dimeja belum ada mangkok dll makasih,I want half an hour. Not in the past. Or forget.,"Aku ingin setengah jam, tidak di masa lalu, atau lupakan.",False
pertama nyoba rasanya aneh mungkin kecapnya beda tapi lama lama rasanya masuk sih sambelnya pedas pangsitnya perlu order ya tidak free,"fontcolor="" # FFFF00""firsttasteskindofstirable fontcolor ="" # 0000""maybethe soy saucewas different butlongtimetoldto getin fontcolorcolor= ""# FFFF=""the sambels are hot dumplings need orderyesnotfree",pertama kali terasa tidak enak mungkin saus kedelainya berbeda tapi lama sekali untuk bisa masuk ke dalam si sambel itu harus memesan makanan yanot free,False
lezat selalu balik kesini kalau mudik skrg ada kasirnya ya pernah liat ada bos nya kali ya sok bossy banget gt nyuruh2 ank buahnya di dpn org mkn kan jd kurang nyaman pernah salah ambil minum kirain air putih di galon blkg abangya ternyata air garam kasih tulisan donk ya kita mau refill air putih ternyata isinya air garam huhu,It's delicious. Come back here. If there's a cashier now.,Ini lezat. kembali ke sini Jika ada kasir sekarang.,False
makan di area perindustrian jos sepi dan mengenyangkan,eating in the industrial area jos is deserted and contented,makan di daerah industri jos adalah sepi dan puas,False
bapak botak berkacamata pesawatpun berhenti sejenak melihat bapak botak meracik bumbu,You're bald. Even the plane glasses stopped for a moment. Saw Baldy making the seasoning.,kau botak bahkan kacamata pesawat berhenti sejenak lihat si botak membuat bumbu,False
asin banget,It's so salty,Ini sangat asin,False
mie ayam bakso tetelan rasa umum seperti mie ayam lain tempat terbatas dan panas,Chicken meatball noodles are swallowed by common flavors like other chicken noodles. It's limited and hot.,Mie bakso ayam ditelan oleh rasa biasa seperti mie ayam lainnya.,False
pelayanannya kurang bagus dan lama jika banyak tamu resto dan pengunjung koki masak agar ditambah,The service isn't good enough and old when there are plenty of restaurant guests and chefs to add.,Layanan tidak cukup baik dan tua ketika ada banyak tamu restoran dan koki untuk menambahkan.,False
rasanya tidak kayak dulu pas awal2 makan,It doesn't feel like the last time I ate.,Rasanya tidak seperti terakhir kali aku makan.,False
rasanya bagus tempat kurang representatif,It feels good. It's a less representational place.,"Rasanya enak, ini tempat yang kurang representasional.",False
bisa diulang,repeatable,dapat diulang,False
masih inget dulu tahun 2021 rasanya lezat banget skrg mungkin citra rasanya agak berkurang lumayan signifikan serius ini cuman sekedar apa yang saya rasakan aja sebagai bentuk kritik membangun,Still remember back in 2021 it tastes delicious. Now maybe it tastes a little less significant. Seriously.,Masih ingat saat tahun 2021 rasanya enak sekarang mungkin rasanya kurang signifikan serius,False
selalu langganan tempat harus gantian,always subscribe place to change,selalu berlangganan tempat untuk mengubah,False
kalau yang saya alami mienya kurang matang atau selera orang masing² yaa intinya kurang empuk lah,"fontcolor="" # FFFF00""ifI'mundercookedthemilk orpeople'staste fontcolor ="" # 00FF00""yes",kalau aku masak susunya atau rasanya orang lain ya,False
saya sangat2 kecewa dengan pelayanannya saya pesen dari jam 11 30 d jawab katanya habis juma tan stlh jum atan tidak ada respon sama sekali kalau jam 13 40 tidak d telpn ya mungkin kita nunggu entah smp kpn kita nunggu mknan datang padahal untuk jam makan siang akhirnya saya dan temen2 tidak ada yang makan karena jam istrahat sudah habis,I'm very disappointed with the service. I've got an 11-and-30 in response. It's said that we've been waiting for the right time.,aku sangat kecewa dengan layanannya aku mendapat respon 11-dan-30 katanya kita sudah menunggu waktu yang tepat,False
biaya jasanya mahal,The service costs a lot.,Pelayanannya sangat mahal.,False
kurang nyaman sempit,It's not comfortable tight.,Ini tidak nyaman ketat.,False
beli miago bakso tapi tidak dikasih bakso nyaa,Buy meago meatballs but not give me meatballs,Beli meago bakso tetapi tidak memberi saya bakso,False
masakan lumayan tempat agak sempit pembatasnya sajian kurang cepat karena mungkin yang antre banyak,"Cooking's pretty tight. Food's a little short, 'cause it's probably a lot of lined up.","Memasak cukup ketat. makanan sedikit pendek, karena mungkin banyak berbaris.",False
kriyuk ususnya benar benar dari minyak bekas bangettt diduga terasa sangat menderita di tenggorokan,His intestines are right. Ex-excerpt oil is thought to be suffering a lot in the throat.,"Ususnya benar, minyak eks-excerpt diduga banyak menderita di tenggorokan.",False
ya masih sama kurang lebih tapi makin kesini porsinya makin dikit sawinya makin banyak sebatang batangnya dimasukin ya wajar si demi mempertahankan harga,"Yeah, it's the same thing. But the more you get here, the less you get, the more the rod gets in.","Ya, sama saja, tapi semakin kau sampai di sini, semakin sedikit yang kau dapatkan, semakin banyak batang yang masuk.",False
sangat mahal dan tidak lezat cukup mengecewakan,very expensive and not delicious quite disappointing,sangat mahal dan tidak lezat cukup mengecewakan,False
mohon maaf sekali saya harus berkata jujur karena saya juga pecinta mie ayam alhamdulillah baru sempet nyobain mie ayam ini untuk makanan lumayan lah tapi alangkah baiknya jangan terlalu benyek bahasa jawane nglodrog jadi malah kaya indomie aceh masak sampai nglodrog di beri toping rendang untuk tempat ini yang paling parah kotor apalagi bagian atas atas banyak seperti bekas bekas jerami banyak sarang laba laba ny iya satu lagi bau sampah banget pas di tempat kasiran pertama masuk mohon di koreksi terima kasih,I'm so sorry to be honest. I also love chicken noodles. I've just eaten chicken noodles for food.,aku minta maaf untuk jujur aku juga suka mie ayam aku baru saja makan mie ayam untuk makanan,False
tidak bisa move on sama rasa mie godhognya,Can't move on the same taste of godhog noodles,Tidak bisa bergerak pada rasa yang sama mie godhog,False
pelayanannya kurang,The ministry is lacking,Pelayanan kurang,False
better order mie nya jangan terlalu matang tempatnya agak panas kalau siang,Better order the noodles. Don't overcooked it. It's kind of hot during the day.,"Lebih baik pesan mie, jangan masak terlalu matang, panas di siang hari.",False
lezat saya tidak bisa coba2 ke lain nya,Delicious. I can't try anything else.,Lezat. aku tidak bisa mencoba hal lain.,False
rasa seperti pada umumnya pelayanan lama padahal pas lagi sepi pembeli dan salah bikin pesanan,Feels like the usual old service when it's right to be deserted and misordered.,Terasa seperti pelayanan lama yang biasa ketika itu adalah hak untuk menjadi sepi dan salah memesan.,False
tempatnya kecil banget,The place is so small.,Tempat ini begitu kecil.,False
biasa kesini soalnya mie nya lezat tapi dia kali terakhir tidak bgtu paling senng kalau ibu nya yang bikin mie ayam tidak asin soalnya rasanya pas kmren dulu bapak yang bikin agak asin tapi kali ini si mamas tapi tidak tau dya siapanya cm asinnya luar biasa padahal di meja sudah ada garam untuk nambah kalau asin jadi kali ini tidak bgtu terpuaskan makan mie nya,It used to be here. 'Cause the noodles were delicious. But he wasn't the last time.,"Dulu ada di sini, karena mienya enak, tapi dia bukan yang terakhir kali.",False
crot,crot,cront,False
mie ayam apaan ini harga 17 rb sudah sama parkir mahal mienya dikit tidak ada kuahnya pertama kali kesini kukira lezat bikin kenyang malah tidak ada rasanya sama sekali review jujur demi allah,Chicken noodles! What's this? 17 rb worth of expensive parking.,Apa ini? 17 Rub senilai parkir mahal.,False
harganya lumayan rasanya kurang lezat,The price is not good enough.,Harganya tidak cukup baik.,False
makanan lezat tapi tukang parkir sangat meresahkan jadi males kesitu lagi bukan karena makanannya tapi karena tukang parkirnya yang sok2 an gamau bantu tapi minta 2rb,It's delicious. But the meter maid is so annoying. So it's not about the food anymore.,"Ini lezat, tapi tukang parkir sangat menjengkelkan, jadi ini bukan tentang makanan lagi.",False
pelayanannya sekarang agak lama untuk rasa masih sama tapi sudah gada pangsit rebusnya,"It's been a while now for the same taste, but it's not the stew dumplings.","Sudah beberapa saat sekarang untuk rasa yang sama, tapi itu bukan pangsit rebus.",False
mungkin mangkoknya kurang besar jd penuh banget kesannya susah kalau mo mengaduknya,Maybe the bowl isn't so big. So much for the impression. It's hard to stir it.,"Mungkin mangkuknya tidak begitu besar, begitu banyak kesan, sulit untuk mengaduknya.",False
dari rumah sakit mampir cari mie ayam terdekat sebenarny mienya lezat bumbunya meresap tapi untuk tempat panas dan kurang penerangan karyawannya ada 4 orang asik ngobrol saat sedang makan ada salah satu mbak2ny batuk trus dan tiba2 masuk kedalam sampai kedengeran keluar grak grok ludah,From the hospital stopping by. Find the nearest chicken noodles. The noodles are delicious.,"Dari rumah sakit mampir, cari mie ayam terdekat, mienya enak.",False
wenak tenann sing ora mampir fix arogan,Wenak tenann sing ora stopped by arrogant fix,Wenak tenann sing ora dihentikan oleh memperbaiki arogan,False
langganan kesini tapi parkir mobil susah,The customers are here but the car park is hard,Para pelanggan di sini tapi parkir mobil sulit,False
penjualnya jutek hanya mau berbicara sm pembeli yang sudah langganan siapkan uang 2rb untuk parkirrr,The seller's jutek just wants to talk to a regular buyer. Get the 2rb money ready for parking.,Penjualnya hanya ingin bicara dengan pembeli biasa.,False
eunak ternyata hehehe,eunak turned out to be hehehe,Eikhak ternyata hehe,False
beli 3 porsi mie ayam 1 sate telur 1 tempe bacem di bungkus dan begitu sampai di rumah ternyata tidak ada sate telur dan tempe bacem yang sudah saya bayar ternyata hanya ada 3 porsi mie ayam kecewa,Buy 3 chicken noodles 1 sate egg 1 tempe bacem wrapped and once home it turns out there's no egg sate and the baceme I've already paid for is only three chicken noodles disappointed,Beli 3 mie ayam 1 telur sate 1 tempe bacem dibungkus dan setelah rumah ternyata tidak ada sate telur dan baceme saya sudah dibayar untuk hanya tiga mie ayam kecewa,False
not bad,not bad,lumayan,False
rasa biasa aja lumayan lah tempat sempit kurang nyaman,I don't think it's too much of a small place to be.,Saya tidak berpikir itu terlalu banyak tempat kecil untuk menjadi.,False
tekstur mie nya beda dari mie ayam lain mie mya pipih dan gepeng barusan beli mie nya terlalu lembek entah memang begitu atau masak nya kelamaan,The noodle texture is different from the other chicken noodles. Mya noodles are flat and flat. Just bought the noodles too soft.,Tekstur mie berbeda dengan mie ayam lainnya mie Mya datar dan datar.,False
lezat porsi besar harga murah cuma kalau sore rasanya hambar,It's delicious. Big portions. Cheap prices only when it's tasteless in the afternoon.,Ini lezat. porsi besar. harga murah hanya ketika itu hambar di sore hari.,False
mienya agak beda teksturnyaa,The noodles are slightly different in texture,Mie sedikit berbeda dalam tekstur,False
kurang memerhatikan pesanan pelanggan saya sudah menunggu 30 menit mie tidak kunjung datang padahal saya sudah pesan dan bayar ke kasir sampe saya perhatikan ada beberapa pelanggan yang baru datang lebih cepat mendapatkan pesanannya di banding saya mohon untuk lebih di perhatikan,I've been waiting 30 minutes for my customers to come when I ordered and paid the checkout till I noticed some new customers came in early to get the order instead of me please pay more attention,Aku sudah menunggu 30 menit untuk pelanggan saya untuk datang ketika saya memesan dan membayar checkout sampai saya melihat beberapa pelanggan baru datang lebih awal untuk mendapatkan urutan bukan saya silahkan membayar lebih perhatian,False
pelayanannya g ramah nyebelin banget baksonya enk cm pelayanannya judes apalagi yang cowow judes nyebelin pecat kek taiii emosi lnw pelayan aja songong tek tandain muka lu pelayan 2 orang yang cowo2 bukannya bnyk review pelayanan yang buruk mlh g dipecatw dibenerin dong pelayanannya!!!,His service is not so friendly. His meatballs are so cold. His services are bitter. What's wrong with a man?,Layanannya tidak begitu ramah. bakso nya begitu dingin. pelayanan nya pahit. ada apa dengan seorang pria?,False
cukupan,Enough,Cukup,False
sayangnya bukanya sore jelang malam tidak ada niatan buka siang di jam makan siang kah?,"I'm afraid it's late at night. No plans to open lunch at lunch, is it?","Tidak ada rencana untuk membuka makan siang, kan?",False
kesannya kumuh tidak higienis rasa biasa saja manis,The impressions of slums are not hygienic. The taste is ordinary. Sweet.,"Kesan daerah kumuh tidak higienis, rasanya biasa.",False
makin mahal tapi makan turun kualitasnya 15rebu tidak ada ayamnya cuma mie doang,It's getting expensive but eating is down to 15rebu There's no chicken,Ini semakin mahal tapi makan turun ke 15rebu Tidak ada ayam,False
sudah tidak lezat mie ayam baksonya tidak seenak dulu dulu ada sambal buatan ci tasik yang sangat lezat sekarang cuma saus botol biasa baksonya juga keras tidak terasa daging sapinya,It's no good. The chicken meatball noodles aren't as good as they used to be. There's a delicious chili sauce.,Ini tidak baik mie bakso ayam tidak sebagus dulu ada saus cabai lezat,False
tololl cok bakul e sangean jangan beli gaes seng dodol sange untuk cewe cewe jangan pernah beli disinii,Don't buy ganjal e sangean gaes ding dodol sange for girls never buy here,Don't buy gal e sangean gaes ding dodol singe for girls never buy here,False
tempatnya nyaman bersih kane parah lah pokoknya mah,It's nice. Clean. Can't be too bad.,"Ini bagus, bersih, tidak terlalu buruk.",False
tidak lezat,It's not delicious,Ini tidak lezat,False
kalau pesen mie nya jangan kematangan,Don't let the noodles grow.,Jangan biarkan mie tumbuh.,False
kurang lezat,Less delicious.,Kurang lezat.,False
yang kerja muke kek jamet,"fontcolor="" # FFFF00""whommMukejake jamet",yang mereka pakai selai Jake,False
ibu ibu kurang ramah gorengan tidak lengkap rasa soto kurang gurih tolong diperbaiki terima kasih,Mom. I'm not very friendly. Fried.,"Ibu, aku tidak begitu ramah.",False
nampol sambelnyaa,sambelnyaa nampol,Sambelnyana nampol,False
mahal,Expensive.,Mahal.,False
rasanya pas warunge panas,It's hot as a teahouse.,Ini panas seperti warung kopi.,False
datang kesini mesen makan tidak banyak cuma 2 porsi nunggu sampe 1 jaman mesen air mineral aja tidak dikasih2 dikomplen makanan tidak datang2 bilangnya lagi dibuat sudah ditunggu tidak datang akhirnya bilang cancel aja eh buru2 kasirnya ke dapur untuk dibungkusin tidak bagus pelayanannya sangat lama makanan nya juga tidak terlalu lezat,Come here. Foods aren't much. Just two meals.,"Kemarilah, makanan tidak banyak, hanya dua kali makan.",False
kuahnya sudah baik tapi di saya masih keasinan ayamnya jenis broiler mienya baik baiknya dicampur mie putih pelayanan kurang ramah pas tanya tanya,"The gravy is fine, but I still have the chicken. The noodle broiler is good. It's good to mix white noodles.","saus baik-baik saja, tapi aku masih memiliki ayam. mie broiler baik. itu baik untuk mencampur mie putih.",False
porsinya kurang banyak,There's not much left.,Tidak banyak yang tersisa.,False
tempatnya tidak rame tidak jadi beli karena kuahnya kata pelayan agak pedas tidak boleh dipisah padahal dipisah untuk makan rombongan anak2 biar kuahnya bisa disesuaikan pas lagi makan kan harga juga sama alasannya oleh atasan tidak boleh dipisah aneh deh atasannya! kan yang penting beli sama harganya juga cm minta dipisah aja kalau tidak boleh ya sudah pelanggan jadi kabur,It's not Rame's place to buy because the boss said it's a bit spicy not to be separated while being separated to eat a group of kids let the gravy be adjusted right away eat the same price the boss shouldn't be separated,Ini bukan tempat Rame untuk membeli karena bos mengatakan itu agak pedas untuk tidak dipisahkan sementara sedang terpisah untuk makan sekelompok anak-anak membiarkan saus disesuaikan segera makan harga yang sama bos tidak harus dipisahkan,False
inovasi yang menarik rasa lumayan tapi bukan mie ayam yang terenak,Interesting innovation is good but not the best chicken noodles,inovasi yang menarik itu bagus tapi bukan mie ayam terbaik,False
mie ayam macam apa ini warung kaki lima harga bintang 5 porsi kecil dan mahal masa mie ayam 2 es jeruk 2 ampe 50rb mending kalau tempatnya proper lah ini cuma bangunan semi permanen gausah kesini lagi yang jual memberikan harga sesuai dengan penampilan dan tunggangan,What kind of chicken noodle is a five-foot stand? Five-point star. Small and expensive.,Mie ayam jenis apa yang berdiri lima kaki bintang lima poin kecil dan mahal.,False
pesen nunggu lama bawa anak kecil smpe kemringet giliran yang baru datang dilayanin dl !!!,"fontcolor="" # FFFF00""pensenwaitslong fontcolor00"" # 0000""takessthesempesthenewturnsservedddandl !!!",pensen menunggu lama mengambil ini dan membuat perubahan baru yang layak dan aku!!!,False
saya kan nyobain tuh first time biasalah kalau hari jumat keliling kuliner ma temen dan yang bikin terkejoet tu harganya bro maap aja ya inimah dari ukuran porsinya dikit rasanya biasa aja tempatnya agak kotor pelayanan juga biasa aja parkirannya juga bayar sendiri pesen mie ayam 2 porsi ma es teh dengan standarisasi begitu masa 40 rb,I'll try it on first time. Let's just say that on Fridays around the Kunier Ma'am and the one who made the dance cost bromap. Yes.,aku akan mencobanya pertama kali mari kita katakan bahwa pada hari Jumat sekitar Bu Kunier dan orang yang membuat tarian itu mahal bromap ya,False
kecewa banget ternyata porsi kecil bukan mangkok jago trs untuk harga terlalu mahal tidak sesuai porsi untuk rasa menurutku masih kurang mie kecap saos dan sambel belum menyatu rasanya dan pas bayar di kasir mba kasir pegang hp sambil liat menu saya kira mau cetak struk ternyata engga ada struknya samasekali habis 20rb mie es teh kacang 1 kurang wort it untuk pelajar mahasiswa saran sebaiknya ada tulisan harganya yang jelas di bannernya dan ada struk cetak maupun tulisan tangan dan untuk rasanya di perbaiki terima kasih,Disappointed. It turns out that small portions aren't really good bowls for the price. It's not exactly a portion for taste.,Kecewa. ternyata porsi kecil tidak benar-benar baik mangkuk untuk harga.,False
pelayanan lama pdhl kondisi lagi sepi apa enggane mie ne di cetak sit sih sue neora memper goli nunggu,Old service pdhl conditions are still lonely whether kate noodle ne printed sit though sue neora is waiting,Kondisi lama layanan pdhl masih kesepian apakah kate mie ne dicetak duduk meskipun menuntut neora sedang menunggu,False
baru pertama nyobaiin mie ayam disini lumayan lezat cuma kurang sopan sama pelayanan pegawainya,Just the first time taste chicken noodles here is quite delicious. Just rude to the staff service.,Hanya pertama kali mencicipi mie ayam di sini cukup lezat.,False
kuah bumbunya kurang medok terlalu light rasanyaa,The seasoning sauce lacks too much light to taste,Saus bumbu kekurangan terlalu banyak cahaya untuk rasa,False
order by wa tidak rekomendasi 2x kesalahan dari pihak resto yang nanggung customer!!,order by wa do not recommend 2x error from the resto party which stage customer!!!,order dengan tidak merekomendasikan 2x error dari resto pihak yang panggung pelanggan!!!,False
porsi rasanya sudah berubah tidak seperti dulu lagi melayani pembeli juga terlihat kurang ramah jualan memang capek tapi tidak gitu juga bro sedikit saran saja jika mungkin ada masalah lagi ada beban pikiran tolong jangan dibawa sampai tempat jualan dong kita bayar bro tidak ngutang,The portions have changed. Not the way they used to. The buyers don't look so friendly either.,tidak seperti dulu pembeli tidak terlihat begitu ramah.,False
untuk ojek online jangan ditarik parkir ngomong bose,Don't pull parking. Talk. Bose.,"Jangan parkir, bicaralah, Bose.",False
lezat murah sayangnya tempatnya sempit,It's delicious. Cheap.,Ini lezat./ Murah.,False
kemarin beli hari jumat setengah 12 siang mie nya tidak seperti biasanya biasanya lezat kmren kurang matang beda rasanya apa karena order tanpa micin jadi tidak enak? es tehnya kurang fresh entah pake stok hari sebelumnya atau karena terlalu kentel kurang ramah di lidah ngefek ke perut pada kunjungan sebelum tidak tersedia es teh karena teh masih panas mohon maaf ekspetasi saya seenak biasanya dan kemarin tidak sesuai,Yesterday buys Friday. Half-twelve afternoon. The noodles are not usually delicious.,Kemarin membeli Jumat setengah dua belas sore mie biasanya tidak lezat.,False
kalau saya kesini mending bayar di depan aja setelah pesan langsung bayar jadi setelah pesanan datang tinggal makan dan pulang biar tidak di sangka sangka gimana baru kejadian kali ini soalnya 07 08 25 baru kali ini juga makan disini diliatin semua pegawainya kayak pada curiga aja tau gitu dari dulu saya bayar di depan saja sebelum makan pesanan datang seumur umur baru disini kejadian seperti ini,"If I came here to pay for it in front of me after the booking, so after the order just came to eat and came home, I wouldn't have thought about how new it was. About this time, about 07, 08, 25 this time.","Jika saya datang ke sini untuk membayar untuk itu di depan saya setelah pemesanan, jadi setelah pesanan hanya datang untuk makan dan pulang, saya tidak akan berpikir tentang bagaimana baru itu.",False
lama,long,panjang,False
larang,Ban,Larang,False
omoo mood bangett,Really in the mood,Benar-benar dalam mood,False
mie ayame rasane kaya mie sarimi kuah parahnya gang sempit kaya kue di parkiri wis kapok ora maning2,Chicken noodles are rich in bad broth noodles. The narrow alleys are rich. The cake is parked in kapok ora maning2,Mie ayam kaya akan mie kaldu yang buruk. gang sempit kaya. kue diparkir di kapok ora maning2,False
sedikit lbh mahal,A little more expensive.,Sedikit lebih mahal.,False
harus dibenahi lagi biar ramai pengunjung,It's got to be cleaned up. Let's get more visitors.,Ini harus dibersihkan.,False
menurut info dari sodara saya katanya mengandung minyak bb benarkah? silahkan yang non muslim sudah hafal sebuah masakan pake minyak bb tidak review yang jujur ya,"According to my brother's info, he said it contains bb oil. Really? Please.","Menurut info kakakku, dia bilang itu berisi minyak bb.",False
rasa lumayanan sayang gada meja makan tanpa meja sangat tidak nyaman pdhl meja yang murah juga ada moga yang punya baca trus beli meja biar makan disitu lebih nyaman,It's a pity that there's no table without a table. It'll be uncomfortable at a cheap table. There's also a moga who has a read.,"Sayang sekali tidak ada meja tanpa meja, akan tidak nyaman di meja murah, ada juga moga yang telah membaca.",False
mie ayam the best in town higly recomended! tapi kalau yang masak orang pengganti ya rasanya tidak lezat,"Chicken noodles the best in town higly recommendd! but if you cook someone else's replacement, it's not delicious.","Mie ayam terbaik di kota higly disarankan! tetapi jika Anda memasak pengganti orang lain, itu tidak lezat.",False
pelayanan judes air es 2ribu pula dimana mana air es 1 ribuan,The harsh service of ice water 2 thousand more where ice water is 1 thousand,Pelayanan keras air es 2 ribu lebih mana air es adalah 1 ribu,False
tinggal pilih bsa borong,Just pick a boronable option.,Pilih saja pilihan yang mudah patah hati.,False
gelo original nya medok parahh,The original gelo is in bad shape.,Gelo asli dalam kondisi buruk.,False
pelayanan payah pas datang meja masih penuh mangkok sisa tamu yang dateng pake nunggu aernya abis tehnya kosong karena sudah masuk akhirnya terimain aja,The service sucks when it comes. The table is full. The rest of the guests are waiting for the tea to be empty.,Layanan menyebalkan ketika datang. meja penuh. sisa tamu sedang menunggu teh kosong.,False
rasa tidak bohong beneran lezat hampir tiap minggu sempetin makan malem disini cuma yang ngeselin adalah tukang parkir nya orang orang males kerja,I don't think it's a lie. It's delicious. Almost every week.,aku tidak berpikir itu bohong ini lezat hampir setiap minggu,False
makanan lumayan lezat yang sangat disayangkan pelayanan sangat buruk terkesan tidak ramah dengan pembeli lebih diperbaiki lagi dalam melayani customer yang datang apa tidak diajarkan 3s dalam melayani customer ? kecewa sekali dengan pelayanan yang buruk,A pretty tasty meal. It's a shame. The service is so bad.,"Makanan yang lezat, memalukan, layanannya sangat buruk.",False
selera orang beda2 mngkn ini bukan seleraku yang tidak terlalu suka muaniss poll untuk apa disediakan saos dan kecap kalau mie nya sudah muanisss dan pedas tidak rekomendasi untuk yang bawa anak kecil beli karena penasaran aja d review sm food blogger tempat jorok toilet bau pesing pelayanan lama staff judes gada senyum2nya say to sorry ini pertama dan terakhir,"fontcolor="" # FFFF00""pascistpeoplelike fontcolor00"" #color=="" FFFF""Thisisnotmythipe fontcolor FFFF=""notmylikesthatare notso muchlikeanisspolls fontcolorcolor= # ."" fontcolor ="" # 'causeIamnotsociated fontcoloratelylike font color = ""# FFFF}soilforwhat does thesand soy sauces font colorcolor=FFFF00="" fontcolor"" # 0000""whenthe noodles are muanisss",ini bukan aksiku bukan urusanku yang seperti itu yang tidak disukai orang-orang karena aku tidak disosiasi seperti itu karena apa yang dilakukan dan saus kedelai saat mie mutans,False
lezat pasti dong tempatnya aja yang kurang tapi ggp lah,It's delicious. It'll be less of a place. But please.,"Ini lezat, ini akan menjadi tempat yang kurang, tapi tolong.",False
pelayanannya kurang menyenangkan posisi lagi nungguin minumnya dianter alat makannya tiba2 diambil trus dipindah ke meja lain padahal tidak diminta trus sudah pergi gitu aja bikinin pesenan orang lain pesen minum juga lama banget gatau ngapain meja sebelah sampe pulang bahkan minumnya tidak keluar sayang sekali padahal lumayan makanannya dan tukang parkirnya solutif,The ministry is not pleasant enough to be waiting for a drink to be held while being taken and moved to another table while not being asked to go there. Just making other people's drinks a long time ago or doing the table next door until they don't even drink it out. It's too bad that the food's not bad and the parking is solutive.,Kementrian tidak cukup menyenangkan untuk menunggu minuman yang akan diadakan sementara sedang dibawa dan pindah ke meja lain sementara tidak diminta untuk pergi ke sana. hanya membuat minuman orang lain lama atau melakukan meja sebelah sampai mereka bahkan tidak meminumnya.,False
josjis lezat bagus tapi pelayananya kurang cepat,The josjis are delicious. Good. But the service's not fast enough.,"Josjis sangat enak bagus, tapi layanannya tidak cukup cepat",False
idul adha buka ora kie lik?,Idul adha open the kie lik?,Idul adha membuka kie like?,False
panas bet tempatnya anjay uap kompor perih di mata gerah kena uap nya mahal doang tapi tidak nyaman makan di tempat mending manggil kang bakso grobak,"fontcolor="" # FFFF00""hotbetwhereanjaypeoper steam fontcolor00"" # 00FF00"" fontcolor"" #color= # 00""thepeerpeerweaterinthe eyes fontcolor FFFF=""her steam font color="" ""but not comfortable eating at the table call for meatballs",panas di mana ada jaypeoper steam tapi tidak nyaman makan di meja panggilan untuk bakso,False
mie ayam lezat cuma pelayanan kurang ramah,Chicken noodles are delicious. They're just not friendly.,"Mie ayam lezat, tapi tidak bersahabat.",False
kaget pas dateng porsinya cukup banyak rasanya cenderung ke arah manis,Shocked when it comes to serving quite a lot. It tends to be sweet.,"Aku terkejut saat melayani cukup banyak, cenderung manis.",False
rasa miago dan baksonya lumayan lezat tapi tidak seenak pertama kali waktu buka dulu sekarang kurang asin dikit tapi tidak disediakan garam mejanya pelayanan nya kurang ramah tidak pernah senyum kasirnya,The taste of miago and meatballs is quite delicious but not as good as the first time. Open it first. Now it's less salty.,rasa miago dan bakso cukup lezat tapi tidak sebagus pertama kali buka dulu sekarang rasanya kurang asin,False
lupa tidak foto,forget not photo,lupakan bukan foto,False
nylekamin pokoe,"fontcolor="" # FFFF00""gamingpokoe",gamingpokoe,False
pelayanan kurang ramah pesanan ada yang salah dan kurang diperhatikan ketika dikoreksi reaksi dan tindak lanjutnya kurang memuaskan mohon untuk diperbaiki ke depannya,A less friendly service order is wrong and unconcerned when correcting his reactions and follow-up is less satisfying. Please fix it for the future.,Perintah layanan yang kurang bersahabat salah dan tidak peduli ketika mengoreksi reaksi dan tindak lanjutnya kurang memuaskan.,False
masa iya gue beli mie ayam esteh 20rb mana rasanya kurang banget lagi hambarr banget tempat nya kotor ada tikusnya terus sambal kecap dll itu untuk barengan tidak disediain sendiri di meja kan aneh bukannya mau ngejelekin apa gmna tapi review jujur aja benar benar nyesel makan disitu,"fontcolor="" # FFFF00""yesIamIbought chicken noodles fontcolor FFFF=""20rb fontcolor00"" fontcolor"" #color=="" FFFF""whereit'snottoolessnotso bad fontcolor ="" # 0000""",ya aku beli mie ayam 20rb di mana tidak terlalu buruk tidak begitu buruk,False
saya makan disini bertiga dengan teman tidak nyaman banget rasanya orang lagi makan kok diliatin sama semua pelayannya kaya tidak pernah liat cwe makan aja kalian saya bayar loh bukan ngutang!!! mau saya tegur posisi pelayannya cowo semua ada sekitar 4orang tolong lah dikondisikan saya bener2 tidak sudi untuk makan mie ayam distu lagi,I'm eating here all three days with a friend It's uncomfortable to eat so much people are looking around,Aku makan di sini semua tiga hari dengan teman lt tidak nyaman untuk makan begitu banyak orang melihat-lihat,False
rasanya kurang porsi dikit tekstur mie kenyal harga terbilang mahal untung semangkuk harga 12k esteh 6k kacang 2k padahal isinya cm 1 sendok,I don't think it's enough. A little bit less. The noodles are chewy.,aku tidak berpikir itu cukup sedikit kurang mienya kenyal,False
pelayanan buruk mie nya hambar,Bad service. Her noodles are bland.,Layanan buruk. mie nya hambar.,False
enk,Enk,Enk,False
mie nya terlalu lembek kematengan casim masih mentah meja kotor tidak dilap bersih masih banyak sisa makanan dan minyak mangkok sisa orang makan tidak cepet2 diberesin dibiarin nyampe lama pdhl karyawan pd didepan semua entah lagi pd ngapain toilet terjoroookk kotor banget sampah2 depan toilet dibiarin doang tempat cuci mangkoknya juga jorok banget berserakan dibawah sumpit2nya juga pd jatuh kebawah mangkok kotor numpuk bekas wadah ayam kotor dibiarin gt aja dibawah ntah siapa yang mau nyuci itu karyawannya didepan semua trs yang beresin mangkok2 dimeja bekas orang makan juga cuma 1 orang kasian tidak ada yang bantuin pdhl banyak banget mangkok bekas2 orang makan kalau sistemnya tidak langsung bayar sih cabut aja dari situ kapok deh pokoknya makan disitu jorok sudah dibela2in dari jauh tapi nyatanya zonkkk,The noodles are too soft. Casim is still raw. The dirty table isn't wiped clean.,mie terlalu lembut Casim masih mentah meja kotor tidak dibersihkan,False
makanan sudah populer rasa baik minusnya 1 parkir mobil susah 2 parkir motor terlalu mendekat tempat makan terlalu masuk 3 tempat duduk agak uyel²an,Food has been popular. Good taste. minus 1 parking car.,Makanan telah populer selera yang baik minus 1 mobil parkir.,False
sambelnya kenapa di campur boncabe ? kn rasanya jdi kurang lezat,What's with the boncabe?,Ada apa dengan boncabe?,False
mahal harganya 14 000 kasih harga sewajarnya aja ada tukang parkir lagi,It's expensive. It'll cost 14 000. Just give me the price.,"Harganya 14 000, berikan saja harganya.",False
ntaps,talps,Tawanan,False
banyak yang harus diperbaiki terutama untuk ojek online prioritas utama,"There's a lot to fix. Especially for an online project, first priority.","Ada banyak yang harus diperbaiki terutama untuk proyek online, prioritas pertama.",False
riview jujur aja krna kecewa pelayanan nya buruk banget setiap meja cuma dikasi bbrpa sambel jadi tiap ada yang beli lagi makan malah keganggu bolak balik bumbunya di ambil untuk di pindah kualitas sambelnya juga bad banget untuk hrga sedikit kaget krna cuma beli mie ayam sm esteh 20k tapi rasanya benar benar jauh dari kata lumayan kalaupun rasanya sepadan pasti juga saya wajar aja sama harga segitu kondisi ruangan tidak di perbaiki jadi banyak debu mie nya juga gada rasanya sama sekali,Riview. Honestly. Because of the disappointment of the service.,"Riview, jujur saja, karena mengecewakan layanan ini.",False
lezat tapi daging ada tulang jadi saya kurang suka,delicious but no meat bone so I don't like it,lezat tapi tidak ada tulang daging jadi aku tidak menyukainya,False
ini mie ayam gada ayamnya gimana cerita? aneh bet sudah ujan² kirain bakal lezat malah gini beli tgl 7 10 22 jam 2 siang kurang,"fontcolor="" # FFFF00""This chicken noodle fontcolorcolor=="" FFFF""how do you say? fontcolor00"" # 200""Freakbejan2 fontcolor ="" # 0000""Ithinkit'llbe delicious fontcolor"" # ofthis fontcolor FFFF=""letme buy 71022 at200""","mie ayam ini bagaimana menurutmu? Biar aku beli 71022 at200""",False
tempat nyaman hanya saja sop bu tutup agak terlalu tipis dan kurang empuk,"Nice place. It's just the soup. Ma'am, it's a little thin and a little soft.","tempat yang bagus ini hanya sup nyonya, ini sedikit tipis dan sedikit lembut",False
ayamnya kurang,The chicken's missing.,Ayamnya hilang.,False
pelayanan lambat,Service is slow,Layanan lambat,False
enaakk parah !!,Holy shit!,Astaga!,False
makanan lama datengnya dan ada beberapa makanan yang dipesan kosong,The old food comes and there's some food that's ordered empty.,Makanan lama datang dan ada beberapa makanan yang dipesan kosong.,False
tempat sempit apalagi pas waktu makan siang bisa antre berdesakan,Small place. Especially when it's lunch time. Get in line.,"Tempat kecil, terutama saat jam makan siang, berbaris.",False
sudah sering makan disini padahal dan sebenarnya lezat mie ayam nya tapi kecewa dengan pelayanan malam ini saya dan keluarga datang duluan sudah pesan es teh manis dan makan kerupuk juga tapi sayangnya pesanan saya tidak kunjung tiba setelah dilewat oleh 3 pengunjung yang datang setelah saya malah mereka diberikan mie ayam dahulu akhirnya saya dan keluarga keluar dari lokasi karena kesal mie ayam tidak kunjung tiba saya katakan kepada kasir untuk melihat cctv untuk melihat mana yang datang dahulu sekalian membayar es teh manis 2 dan kerupuk 1 dengan memberikan uang rp 20 000 tapi kata kasir tidak usah akhirnya uang nya diberikan ke anak saya mohon agar lebih teliti lagi dalam antrian pelanggan nya di perbaiki terimakasih,It's been a lot to eat here since it's actually delicious. The chicken noodles are actually delicious but disappointed by tonight's service.,Makan di sini sudah banyak karena benar-benar lezat mie ayam sebenarnya lezat tapi kecewa dengan layanan malam ini.,False
lezat tapi cukup lama pesanannya,"It's delicious, but it's been a while.","Ini lezat, tapi sudah lama.",False
mie nya lezat ini deket sama sman1 purwokerto tapi yang jadi problem sih parkir dan tempat makan karena yang beli banyak tempat nya sempit,"The noodles are delicious. It's close to Sman1 purwokerto, but it's a problem. Parks and places.","Mienya enak, dekat dengan Sman1 purwokerto, tapi itu masalah.",False
enakkk tapi umpel umpelan,It's good but umpell umsilk,Ini bagus tapi umpell umsilk,False
ngelayanin pembeli yang baru dateng duluan ahhah!!,To serve a new buyer first ahhah!!,Untuk melayani pembeli baru pertama ahhah!!,False
muraah pelayanannyaa baikk,Good service.,Pelayanan yang bagus.,False
alangkah lebih bagusnya lagi jika yang jual mau senyumm biar pembeli bahagia kayaknya pelit banget untuk ramah ke pembeli,How much better it would be if someone would smile so that the happy buyer would be so cheap to be friendly to the buyer,Betapa jauh lebih baik itu akan jika seseorang akan tersenyum sehingga pembeli bahagia akan begitu murah untuk menjadi ramah kepada pembeli,False
sudah jauh2 mukbang tempatnya kotor petang gimana gitu rasa mie ayamnya kurang lezat ayamnya tidak harum baksonya rasa ayam juga,"fontcolor="" # FFFF00""it'sfaraway downdownpouringevening fontcolor ="" # 0000""howsothe chickenmilguesisnot delicious fontcolor00"" # 1 FFFF000""notsmells meatballs fontcolorcolor=="""" #00""",jauh sekali turun ke bawah sore malam ini kok ayam susunya tidak enak tidak ada bau bakso,False
tidak lezat blas,It's not delicious blas,Hal ini tidak blas lezat,False
setenar itu untuk saya pribadi rasa b banget ayam kurang empuk kering bumbu tidak meresap mungkin konsepnya seperti itu es teh juga tehnya tidak berasa,"fontcolor="" # FFFF00""stenartomyself fontcolor"" #color= # 00""boughtsarenotspoiled fontcolor00"" # 0000""poilsnotindigent fontcolor FFFF=""maybethe conceptslikethat fontcolor ="" #00""Icedtea alsonottasted",lembut terhadap diri sendiri mungkin konsepnya seperti itu sudah tidak tercemar poils not indigent mungkin konsep seperti itu,False
lumayan baksonya sayang tempat tidak memadai dan pelayananya buruk banget mahal lagi,"fontcolor="" # FFFF00""not badballs fontcolor00"" # 00FF00""basicspaceis inadequate andthetreatmentisbadagain",bukan bola yang buruk dasar ruang angkasa tidak memadai dan pengobatannya buruk lagi,False
harga mahal tapi estehnya kaya tidak pake gula gaada tisu di meja,"It's expensive, but it's rich. No sugar. No tissue on the table.","Ini mahal, tapi kaya, tanpa gula, tanpa tisu di meja.",False
pelayanan nya lama kurang ramah dan bikin males pokoke bikin tidak seneng lh,His long service was unfriendly and made me feel bad about it.,Pelayanannya yang panjang tidak ramah dan membuat saya merasa bersalah.,False
mie ayam porsi gede tapi asin kurang bumbu sangat terasa mecin nya dan berminyak di mangkok nya ada tulisan proteina jadi bertanya tanya apakah ayam nya sudah pakai ayam sintetis proteina kan serem juga ya bukan ayam asli gitu lho jangan beli es jeruk disini es jeruknya encer dan rasanya aneh kayak yang ada bau apek seperti jeruk sudah tidak seger dibikin minuman ada rasa bau sabun nya juga overall tolong diperbaiki kualitas dan kebersihan makanan dan minuman yang dijual ya kasihan kalau nanti pelanggan nya pelan2 pada pergi semua,"Chicken noodles are a big meal, but they're not very salty. It's very salty and oily in the bowl. There's protein writing.","mie ayam adalah makanan yang besar, tetapi mereka tidak terlalu asin. sangat asin dan berminyak di dalam mangkuk. ada protein menulis.",False
makanan lezat tapi pelayanan buruk banget reservasu untuk bukber makanan belum dateng sampe 1 jam!!! tolong pelayanan ditingkatkan harusnya reservasi tuh makanan sudah siap makan paling engga nunggu ya 10 mnt,Food is delicious! But the service is bad. The food is not ready yet.,"Makanannya enak, tapi layanannya buruk, makanannya belum siap.",False
belum istimewa,Not special yet.,Belum istimewa.,False
mohon tingkatkan pelayanan agar lebih baik demi kenyamanan pembeli karena dari segi pelayanan terburuk sih jadi sangat disayangkan,Please increase the service for the convenience of the buyer because the worst service aspect is unfortunate.,Mohon meningkatkan layanan untuk kenyamanan pembeli karena aspek layanan terburuk tidak menguntungkan.,False
pegawai tidak ramah payah banget,Officers aren't so nice. It's so lame.,Petugas tidak begitu baik.,False
sebelah nya bakso cak mat berisik banget karaoke nya mending kalau suara nya bagus buruk,"fontcolor="" # FFFF00""besidesballcakmat fontcolor00"" fontcolor ="" # 00FF00""sbusy fontcolor"" #color=="" FFFF=""scaroke font color ="" font color="" ""ifthesoundsgoodbad",disebabakbaIIcakmat Kalaukedengarannyaburuk,False
pelayanan yang leled pelayanan nya mengecewakan padahl sudah langganan tapi baru ini bikin eneg banget harusnya sudah di siapin bahan nya kalau kiranya bahannya abis bilang kosong sudah bayar nunggu makanannya lama banget eh makanan sudah dateng minumiman alesan es nya abis knp tidak dari awal aja sblum pesen harusnya nngomong dari awal sudah tidak lagi makan disini pesenan lama sama yang baru masa yang baru sudah di kasih eh yang lama tidak di bikin pekok banget pekokkk masa yang beli es belum dateng alesan es abis eh karyawannya aja sudah bikin es sampe mie nya abis tidak dateng sampe di tegur berkali karyawannya sabar sabar sampe kapan sabarnya woy makanan juga dah abis cukup ini yang terakhiir kali makan disini,The service that lelled his service was disappointing to him. It's been a regular practice. But this new ice pack should have been prepared from the beginning.,Layanan yang menurunkan layanannya mengecewakannya itu sudah menjadi latihan biasa tapi es baru ini seharusnya disiapkan dari awal,False
miene lembek banget tidak kayak dlu jaman kuliah topingnya memang masih banyak,"It's so soft, it's not like there's a lot of college.","Hal ini sangat lembut, tidak seperti ada banyak perguruan tinggi.",False
kerja sama pelayanan 0 manajemen 0 manajemen pesanan yang masuk dan yang selesai kacau karyawan saja yang banyak sebaiknya pakai sistem nomor antri untuk nomor antri atau nomor meja pesanan diberitahu pesanan kurang dibentak balik dianggap tidak ada nota seketika kicep ketika diberi nota cukup sekali saja ke sini kipas diganti saja dengan yang tempel tembok saja,Service work 0 management 0 order management is coming in and the finished are a lot of employees should use the number system to line up or the order table number is told the order is less bullied,Layanan pekerjaan 0 manajemen manajemen urutan manajemen 0 manajemen datang dan selesai banyak karyawan harus menggunakan sistem nomor untuk berbaris atau nomor urutan tabel diberitahu urutan kurang diganggu,False
sayang sekali lahan parkirnya kurang,Too bad the parking lot wasn't enough.,Sayang sekali parkir tidak cukup.,False
lezat si lezat banget tapi kecewa banget d ksh mie dingin yang org lain salah pesen padahal sudah saya kasih tau saya gamau yang itu smpe meja cm disiram air panas ttp dingin mbak mie nya,Delicious. It's delicious. But disappointed.,"Lezat, lezat, tapi kecewa.",False
nyam nyam nyam,Yumyum,Yumyum,False
tempatnya kurang lebar kalau lagi rame susah kebagian tempat,The place isn't wide enough for Rame to get anywhere.,Tempat ini tidak cukup lebar untuk Rame untuk mendapatkan di mana saja.,False
mie ayam disini lezat banget bumbunya tuh beda dari yang lain lebih ke kaya bumbu rendang si menurutku cuma kemarin bikin kecewa niatnya mau ngasih tau mie ayam lezat ke kakak malah jadi ngecewain gegara pelayanannya benar benar lama dibilang nunggu setengah jam okey ditunggu malah samoe sejam kita maklumi tapi kok tidak dateng dateng sampe sejam lebih akhirnya tek perhatiin nih orang yang baru dateng kok cepat banget makanannya dateng akhirnya nyamperin ke kasirnya kaget tuh kelewat pesanan saya mana yang cowo² pada nyalahin tidak ada struk pesanan yang nempel di tempatnya lagi pantes aja saya sama kakak saya lagi minum es teh sambil liat hp pas nunggu pesanannya dateng diliatin mulu sama karyawannya dipikir kita cuma duduk mesen esteh doang kali ya tidak ada yang minta maaf orang laper dikasih cobaan hawa panas terus kesalahan kaya gini siapa yang tidak emosi saran saya karena sudah sering rame dikasih nomor antrian nya kak di meja sama untuk dipegang pembelinya biar urut sama etika penjualan lebih ditingkatkan seperti minta maaf jika ada kesalahan,Chicken noodles here are so delicious lt's so delicious,Mie ayam di sini enak sekali. Enak sekali.,False
pelayannya buruk tidak ramah judes,Bad maids don't be mean.,Pembantu yang buruk tidak berarti.,False
peudes cuk,peudes cuk,peudes cuk,False
masukan kak sambele kurang hot,"fontcolor="" # FFFF00""put Sambele sisnothot",Taruh sis Sambele tidak panas,False
pelayanan kurang ramah!!!,Unfriendly service!!!,Pelayanan yang tidak bersahabat!!,False
kurang sesuai ekspektasi karena entah mengapa ayamnya benyek banget terlalu asin padahal sudah mendambakan mie ayam lezat dilihat dari banyak reviewnya disini just call it a day,It's not appropriate for expectations because somehow the chicken is so salty it's been craving delicious chicken noodles from a lot of review here just call it a day,Ini tidak sesuai untuk harapan karena entah bagaimana ayam begitu asin itu telah menginginkan mie ayam lezat dari banyak review di sini hanya menyebutnya sehari,False
kurang terasa makannannya,I don't feel much food.,Aku tidak merasakan banyak makanan.,False
karyawane tidak ramah blas,Unfriendly employee blas,Tidak ramah omong kosong karyawan,False
maaf bp ibu sata suka tekstur mie di sini cm sayang rasanya agak hambar,"I'm sorry. I love the texture of noodles here, baby. It's kind of tasteless.","Maaf, aku suka tekstur mie di sini, sayang.",False
lezat harga terjangkau twpi di tempat yang baru aturan pesennya merepotkan pembeli,It's delicious. The price of affordable twpi in a new place. The terms of the pesen trouble the buyer.,"Ini lezat, harga yang terjangkau di tempat baru.",False
lambat sue lelet jane y lezat kariawane kakehan ngobrol,slow Sue lelet jane y delicious curryakie kachahan talking,lambat Sue lelet jane y lezat kariakie kachahan berbicara,False
benahi manajemen pesanan masuk dan selesai ya! karyawan jika diberitahu pesanan kurang jangan ngotot di sini kami makan juga bayar!,The management order is in and out yes! employees if told order less don't insist here we eat also pay!,Perintah manajemen adalah masuk dan keluar ya! karyawan jika perintah mengatakan kurang jangan memaksa di sini kita makan juga membayar!,False
beli mie ayam tapi lupa tidak dikasih ayam gimana tuh kecewa,Buy chicken noodles but forget not to give chicken how disappointed,Beli mie ayam tapi lupa untuk tidak memberikan ayam bagaimana kecewa,False
pelayanannya lama kuahnya tidak ada rasanya baksonya kebanyakan campuran tepung teksur mienya terlalu nyemek,His old service had no taste for meatballs. Most of the flour mixed with the noodle texture is too much.,"Makanan lamanya tidak enak bakso, kebanyakan tepung dicampur dengan tekstur mie terlalu banyak.",False
bukan favorit mungkin beda selera,Not a favorite. Maybe different taste.,"Bukan favorit, mungkin selera yang berbeda.",False
tipe mienya yang kecil kecil,The little noodle type.,Jenis mie kecil.,False
mayan la,mayan la,Maya la,False
pesen mie ayam mienya kurang matang untuk bbrp orang bawang goreng di mie ayam merusak cita rasa,chicken noodle pie. The noodles are not ripe for some fried onion people in chicken noodles.,Mie mie ayam tidak matang untuk beberapa orang bawang goreng dalam mie ayam.,False
tempat panas sambal kurang cocok di perut mungkin campuran cabai bubuk,The hot chili place doesn't fit in the stomach. Maybe the chili powder mix.,Tempat cabai panas tidak cocok di perut.,False
enaak cuma tidak suka sama tekstur mienya,Just don't like the texture of the noodles.,Hanya tidak suka tekstur mie.,False
harga lebih mahal daripada di malang karena lokasinya di dalam mall untuk varian tidak selengkap di cakman pusat,Prices are more expensive than in poor because it's in the mall for a variant not as complete as it is in the central cakman.,Harga lebih mahal daripada pada miskin karena itu di mal untuk varian tidak lengkap seperti yang ada di cakman pusat.,False
terlalu nice dan terlalu mendominasi,too nice and too domineering,terlalu bagus dan terlalu mendominasi,False
sejak pindah perasaan rasanya berubah,"Since moving on, it's been a change of heart.","Sejak pindah, sudah berubah pikiran.",False
rasanya seperti anda menjadi ironman,It feels like you're becoming Ironman.,Rasanya seperti kau menjadi Ironman.,False
pelayanan cenderung lambat dlm melayani sekitar 5 org sampe 15 menit,Service tends to be slow in serving between five and 15 minutes.,Dinas cenderung lambat dalam melayani antara lima dan 15 menit.,False
saya sedang melihat ke dia malah dipelototin yang melayani juga jutek berbicaranya tidak ramah ekspresinya datar mungkin mereka sedang bad mood tapi sebaiknya agar terlihat profesional mereka memberikan kesan ramah kepada pelanggan,"I'm looking at her. Instead of staring at her, she's not very friendly. Her speech is flat.","aku menatapnya bukannya menatapnya, dia tidak begitu ramah pidatonya datar",False
mie nya lezat tapi jadi trauma makan disini helm ilang dicuri orang,"The noodles are delicious, but so traumatizing, eating here. The missing helmets are stolen by people.","Mienya enak, tapi sangat membuat trauma, makan disini helm yang hilang dicuri oleh orang-orang.",False
pelayane njeleih sing jenggoten ora senyum ora apa,"""What's the smile?""","""Apa senyumnya?""",False
lezat tapi pelayanan nya lambat,delicious but his service is slow,lezat tapi pelayanannya lambat,False
pelayanan sangat tidak baik di complain malah ketawa ingat karma saya tidak ikhlas dunia akhirat,Service is not very good at complain It's laughing Remember karma I don't satisfy the afterlife,Layanan tidak terlalu baik pada mengeluh Ini tertawa karma Ingat saya tidak memuaskan akhirat,False
kurang bersih pengap,It's not clean stuffy,Hal ini tidak pengap bersih,False
biasa aja entah sudah biasa mie nya terlalu matang atau karena ditinggal bikin minuman,It's okay whether the noodles are overcooked or not.,Tidak apa-apa apakah mienya terlalu matang atau tidak.,False
niat buka puasa sudah kita tidak sahurr sejam belum di buatin resto macam apa ini,We haven't been able to break the fast in an hour. What kind of restoration is this?,Kami belum bisa menghentikan puasa dalam satu jam.,False
antrian panjang jd keburu laper,long queue as soon as later,long queue segera setelah,False
kecewa! mienya sedikit sayurnya malah yang banyak banget! mie ayam pelit!,I'm disappointed! The noodles are a bit vegetable even more! Chicken noodles are cheap!,Aku kecewa! mie sedikit sayuran bahkan lebih! mie ayam yang murah!,False
beli mie ayam 2 di bungkus yang satu gada mie nya ngawur,Buy two chicken noodles in one of those crazy noodles.,Beli dua mie ayam di salah satu mie gila itu.,False
mie ayam dan baksonya rasanya lezat tapi karyawannya bad bangettt! waktu itu saya pesen mie ayam yang harusnya total 50 jadi 66 pas saya balik lagi karyawannya kabur ke dalem alesannya keliru padahal sudah jelas pesenan saya untung bapaknya baik ngelayanin saya,Chicken noodles and meatballs are delicious but the employees are so bad! I used to have chicken noodles that were supposed to be 50 so 66 and I went back.,Mie ayam dan bakso yang lezat tapi karyawannya sangat buruk! aku dulu punya mie ayam yang seharusnya 50 jadi 66 dan aku kembali.,False
nais lejen,nais lege,nais lege,False
pelayanan lama mbak mbak nya agakjutek,The old service sister is a bit of a charm,Saudari layanan tua adalah sedikit pesona,False
tempatnya sangat panas,It's very hot.,Ini sangat panas.,False
enaaak makanannya cuma tempatnya memang seadanya aja sih yaaa,"fontcolor="" # FFFF00""the food'sonly whereit'ssimplyonlyyes",makanannya hanya di mana itu hanya ya,False
kenapa lagi makan enak2 harus ada kucing !!! sudah panggiil pelayan tapi tetep aja kucjngnya dtg2 trs sangat2 disayangkan saya keluar dengan emosi tanpa kenyang sama sekali,"fontcolor="" # FFFF00""whynoteatso good fontcolor00"" # 0000""theremustbecats!!! alreadycallingtheservantbutstill Iam comingupfortallyfortuneIcomeoutwithnoten at all",kenapa tidak makan enak ada yang harus menjadi kucing!!! sudah memanggil pelayan tapi aku masih belum lupa aku keluar sama sekali,False
cuma kurang tisu kang,It's just a little low on paper.,Ini hanya kertas kecil.,False
b aja mienya pelayanan lama banget nunggu makanan 1porsi set jam minuman 1porsi juga sejam tidak keluar akhirnya minta refund untuk yang punya banyak waktu monggo tapi nunggu selama itu untuk mie ayam tidak sepadan ya sorry,"fontcolor="" # FFFF00"" fontcolor00""# FFFF"" font color ="" # 00FF00""",{\cH00ffff}Aduh!,False
beli soto dibungkus cuma dapet nasi sama kuah nunggunya 20menit terburuk dari yang terburuk tidak kesini lagi deh,Buying soto wrapped only gets rice and waits for the worst 20 minutes of the worst not to come back,Membeli soto dibungkus hanya mendapat beras dan menunggu terburuk 20 menit dari yang terburuk tidak datang kembali,False
serba lama dan tidak dilayani dengan baik rasa juga kurang,"For a long time, and not for a good cause. A lack of taste also.","Untuk waktu yang lama, dan bukan untuk tujuan yang baik.",False
mie nya lezat tapi tolong dong untuk karyawan2nya dijaga sopan santun ke pembelinya kalau ada pembeli jangan diliatin apalagi diketawain,The noodles are delicious but please keep the employees polite to the buyer if there are any buyers don't look at them,Mienya enak tapi tolong jaga karyawannya sopan pada pembeli jika ada pembeli yang tidak melihatnya.,False
suasananya panas dan pengap bekas makan sebelumnya tidak langsung dibersihin padahal sudah ada pelanggan baru,The atmosphere is hot and stuffy. The last meal was not cleaned up right after a new customer.,Suasana panas dan pengap. makanan terakhir tidak dibersihkan tepat setelah pelanggan baru.,False
tukang parkirnya malah malak minta uang parkir lebih cukup sekali beli bakso disini,The parking lot doesn't even ask for parking money. It's enough to buy meatballs here.,Tempat parkir bahkan tidak meminta uang parkir.,False
untuk waktu tunggu yang cukup lama dan harga yang relatif mahal di purwokerto makanannya medioker pelayan tidak mempunyai kemampuan untuk menjelaskan produk jualannya dengan baik kepada customer saya bertanya tentang nasi goreng ayam spesial karena tidak ada gambarnya di buku menu ditanya nasi goreng ayam spesial bedanya sama yang tidak spesial apa jawabannya kalau spesial pake telur tidak dijelaskan spesifiknya seperti apa begitu datang makanannya tidak ada telurnya rupanya telurnya ada tapi dimasak sama nasi gorengnya pelayan tidak punya sop yang jelas tentang pelayanan mereka saya disuruh mengisi daftar menu saya sendiri saya pikir seperti pada restoran umumnya saya akan langsung bawa ke kasir dan membayarnya nyatanya tidak saya tidak ditagih apa apa dan malah ditanya mau bayar sekarang atau nanti maksud saya kalau bisa bayar nanti ngapain saya harus isi menu saya dan membawanya ke kasir sendiri? memangnya tidak ada pelayan yang kompatibel untuk melayani pelanggannya? sudah gitu pelayan gaada sopan dan ramahnya sama sekali lagi memberikan makanan dan minuman tanpa permisi tanpa senyuman pure hanya diam saja saat memberikan makanan dan minuman kelihatan sekali pelayannya tidak ditrain dengan baik asal bekerja saja tanpa mempertimbangkan product knowledge dan profesionalitasnya kalau tidak segera dirubah lebih baik restoran ini tutup saja,for a long time wait and a relatively expensive price in purwokerto his meal medioker the waiter doesn't have the ability to explain his product well to customer i asked about chicken fried rice special because there's no picture in the book,untuk waktu yang lama menunggu dan harga relatif mahal di purwokerto nya medioker nya pelayan tidak memiliki kemampuan untuk menjelaskan produknya baik untuk pelanggan saya bertanya tentang nasi ayam goreng khusus karena tidak ada gambar dalam buku,False
tempat kurang nyaman sama kebersihan kurang,Uncomfortable place is less hygiene.,Tempat yang tidak nyaman adalah kebersihan yang kurang.,False
enaaak cepatt,Hurry up,Cepat,False
mie baksonya nampol,The meatball noodles are pumpol,Mie bakso adalah pumpol,False
tidak rekomendasi harganya mahal engga sebanding sama rasanya,No. The recommendation is expensive. Not worth the taste.,"Rekomendasinya mahal, tak sebanding dengan seleranya.",False
saya beli bakmie nyemek spesial seharga rp 33 500 isinya jeroan banyaknya dagingnya dikit rasanya saya kurang cocok,I bought a special steak for Rp 33 500. It's got a lot of gas in it. I don't feel like I fit in.,Aku membeli steak spesial untuk Rp 33 500.,False
tempat kurang nyaman dan terbatas,It's uncomfortable and limited.,Ini tidak nyaman dan terbatas.,False
lelet haruse pesen bakmi di depan baru bayar di kasir ini pesen harus ke kasir dlu trus bayar baru pesenan kasir di kasih kedepan lagi kan tidak ada kejelasan kaya di permainkan,I'm going to have to pay the checker and pay the cashier a new checker in front of me. There's no rich clarity to play with.,Aku harus membayar kasirnya dan membayar kasir yang baru di depanku.,False
mie ayam viral di samping kantor pajak pratama rasa baik porsi sedikit ayam sedikit tidak ada meja untuk makan ya teman2 duduk aja smbil pegang mangkok banyak pelanggan yang pd makan di mobil,Chicken viral noodles next to the tax office. Tastes good. A little chicken serving.,mie ayam viral di samping kantor pajak rasanya enak sedikit porsi ayam,False
korban tiktok jauh dari majenang lezat,The ticktock victim was away from a delicious snack.,Korban ticktock jauh dari makanan ringan lezat.,False
tidak seperti dolo sambel terlalu encer yang masak gonta ganti rasanya gonta ganti juga,It's not like dolo sambel. Too diluted.,Ini tidak seperti dolo sambel.,False
mau ngasih bintang 9 ehh cuma bisa 5,Want to give a 9th star ehh only 5,Ingin memberikan bintang 9 ehh hanya 5,False
kurang ajar mie ayam mahal bangat pakai ceker 2700 jangan mau beli mie ayam sini,Damn expensive chicken noodle bangat with a nail feet 2700 don't want to buy chicken noodles here,Sialan mahal ayam bangat mie dengan kuku kaki 2700 tidak ingin membeli mie ayam di sini,False
hati hati untuk para pelanggan bakso cakman rita purwokerto cek kembali struk pembelian sebelum makan ada oknum pegawai yang nakal struk dilebihkan jumlahnya ambil mie kuning 1 diitungnya 2 item ambil urat jumbo 2 diitungnya 3 item ambil rambutan 1 diitungnya 2 item ambil panjang goreng 1 diitungnya 2 item makan berdua habis 80rb padahal hanya ambil 7 item mie kuning rambutan panjang goreng urat jumbo 2 tahu goreng teh botol dan air mineral totalnya sampai 82 000 awalnya sempat kaget makan berdua bisa habis sampai 82 000 padahal biasanya di cabang cak man lainnya 50 000 an dengan item yang sama tapi modal percaya dengan kasirnya sampe tidak cek lagi struknya ternyata setelah sampai rumah ternyata dicurangi kecewa banget sih sama oknum kasir bakso cakman rita purwokerto attitudenya rendah judes dan nakal,Watch out for the customers. The cash man rita purwokerto meatballs. Check back the receipts before meal.,Hati-hati dengan pelanggannya pria kas rita purwokerto bakso periksa kembali tanda terimanya sebelum makan,False
terkendala tmpat parkir saja tipe rasa seger bukan buket matep,"When parking is blocked, the seger flavor is not a bouquet matep","Ketika parkir diblokir, rasa seger bukan buket matep",False
barusan lewat pengin nyoba baksonya tapi kok tutup pak gimana pak pak,"I just tried the meatballs, but it's closed, sir.","Aku baru saja mencoba bakso, tapi sudah tutup, Pak.",False
saking penuhnya datang sampai bingung tpt duduknya dan maaf saran saja sih untuk owner toping ayam ati ceker kiplik agak dikasih rasa ya biar tidak anyeb smg mkin maju,"So full of them came to be confused, but sit down. And I'm sorry. Just a suggestion.","Begitu penuh mereka datang menjadi bingung, tapi duduk dan aku minta maaf.",False
kurang ramah,Unfriendly.,Tidak ramah.,False
lezat tapi panas banget kurang kipas angin jadi kurang nyaman makannya,"It's delicious, but it's so hot. Not enough fans to be comfortable eating it.","Ini lezat, tapi begitu panas, tidak cukup penggemar untuk nyaman memakannya.",False
enaak loh tapi porsinya kurang banyak,But it's not much of a portion.,Tapi itu tidak banyak porsi.,False
kebanyakan ayam jadi bukan mia ayam tapi ayam pake mie,Most chickens aren't chicken noodles but chicken with noodles,Kebanyakan ayam bukan mie ayam tapi ayam dengan mie,False
sangat tidak ramah driver ojek online,Very unfriendly online driver.,Sopir online yang sangat tidak ramah.,False
enk banget saya sampai pesan 2 porsi pdhl pengalaman pertama btw ini skrg masih buka kan? bbrp hari oewat kok tutup ada no hp owner nya tidak ya,"fontcolor="" # FFFF00""soItoldthetrussage fontcolor00"" # 1 FFFF=""bynowit'sopen?",jadi sudah kubilang kerusirannya sekarang terbuka?,False
